Home,Away,PredWinner,PredWinProb
Detroit Pistons,Dallas Mavericks,Home,0.58
Detroit Pistons,Los Angeles Lakers,Away,0.49333333333333335
Detroit Pistons,Utah Jazz,Home,0.9033333333333333
Detroit Pistons,Los Angeles Clippers,Home,0.5666666666666667
Detroit Pistons,Golden State Warriors,Home,0.61
Detroit Pistons,Phoenix Suns,Home,0.76
Detroit Pistons,New Orleans Hornets,Home,0.6366666666666667
Detroit Pistons,New Jersey Nets,Home,0.83
Detroit Pistons,San Antonio Spurs,Home,0.8066666666666666
Detroit Pistons,Memphis Grizzlies,Away,0.43666666666666665
Detroit Pistons,Boston Celtics,Away,0.20333333333333334
Detroit Pistons,Toronto Raptors,Home,0.64
Detroit Pistons,Orlando Magic,Home,0.7266666666666667
Detroit Pistons,Cleveland Cavaliers,Away,0.37
Detroit Pistons,Minnesota Timberwolves,Home,0.6566666666666666
Detroit Pistons,Charlotte Bobcats,Home,0.53
Detroit Pistons,Miami Heat,Home,0.57
Detroit Pistons,Denver Nuggets,Away,0.49
Detroit Pistons,Seattle SuperSonics,Home,0.6133333333333333
Detroit Pistons,Chicago Bulls,Home,0.6533333333333333
Detroit Pistons,Portland Trail Blazers,Home,0.68
Detroit Pistons,Philadelphia 76ers,Home,0.8533333333333334
Detroit Pistons,Milwaukee Bucks,Home,0.5233333333333333
Detroit Pistons,Houston Rockets,Away,0.37
Detroit Pistons,Indiana Pacers,Home,0.5566666666666666
Detroit Pistons,New York Knicks,Home,0.6666666666666666
Detroit Pistons,Washington Wizards,Home,0.9433333333333334
Detroit Pistons,Sacramento Kings,Away,0.2833333333333333
Detroit Pistons,Atlanta Hawks,Home,0.5133333333333333
Detroit Pistons,New Orleans/Oklahoma City Hornets,Home,0.6366666666666667
Detroit Pistons,Oklahoma City Thunder,Away,0.4266666666666667
Detroit Pistons,Brooklyn Nets,Home,0.9033333333333333
Detroit Pistons,New Orleans Pelicans,Home,0.88
Detroit Pistons,Charlotte Hornets,Home,0.9333333333333333
Dallas Mavericks,Detroit Pistons,Away,0.48
Dallas Mavericks,Los Angeles Lakers,Away,0.45666666666666667
Dallas Mavericks,Utah Jazz,Home,0.92
Dallas Mavericks,Los Angeles Clippers,Home,0.5566666666666666
Dallas Mavericks,Golden State Warriors,Away,0.38666666666666666
Dallas Mavericks,Phoenix Suns,Home,0.56
Dallas Mavericks,New Orleans Hornets,Home,0.65
Dallas Mavericks,New Jersey Nets,Home,0.5933333333333334
Dallas Mavericks,San Antonio Spurs,Home,0.94
Dallas Mavericks,Memphis Grizzlies,Home,0.5233333333333333
Dallas Mavericks,Boston Celtics,Away,0.4066666666666667
Dallas Mavericks,Toronto Raptors,Home,0.7033333333333334
Dallas Mavericks,Orlando Magic,Home,0.58
Dallas Mavericks,Cleveland Cavaliers,Away,0.2733333333333333
Dallas Mavericks,Minnesota Timberwolves,Away,0.43
Dallas Mavericks,Charlotte Bobcats,Home,0.6166666666666667
Dallas Mavericks,Miami Heat,Home,0.7533333333333333
Dallas Mavericks,Denver Nuggets,Away,0.46
Dallas Mavericks,Seattle SuperSonics,Home,0.58
Dallas Mavericks,Chicago Bulls,Home,0.6133333333333333
Dallas Mavericks,Portland Trail Blazers,Home,0.6666666666666666
Dallas Mavericks,Philadelphia 76ers,Home,0.8966666666666666
Dallas Mavericks,Milwaukee Bucks,Home,0.56
Dallas Mavericks,Houston Rockets,Away,0.36333333333333334
Dallas Mavericks,Indiana Pacers,Away,0.45
Dallas Mavericks,New York Knicks,Away,0.46
Dallas Mavericks,Washington Wizards,Home,0.81
Dallas Mavericks,Sacramento Kings,Home,0.55
Dallas Mavericks,Atlanta Hawks,Home,0.6733333333333333
Dallas Mavericks,New Orleans/Oklahoma City Hornets,Home,0.65
Dallas Mavericks,Oklahoma City Thunder,Away,0.33666666666666667
Dallas Mavericks,Brooklyn Nets,Home,0.77
Dallas Mavericks,New Orleans Pelicans,Home,0.7866666666666666
Dallas Mavericks,Charlotte Hornets,Home,0.8566666666666667
Los Angeles Lakers,Detroit Pistons,Home,0.83
Los Angeles Lakers,Dallas Mavericks,Home,0.8333333333333334
Los Angeles Lakers,Utah Jazz,Home,0.9566666666666667
Los Angeles Lakers,Los Angeles Clippers,Home,0.5733333333333334
Los Angeles Lakers,Golden State Warriors,Away,0.42
Los Angeles Lakers,Phoenix Suns,Home,0.8466666666666667
Los Angeles Lakers,New Orleans Hornets,Home,0.83
Los Angeles Lakers,New Jersey Nets,Home,0.83
Los Angeles Lakers,San Antonio Spurs,Home,0.8933333333333333
Los Angeles Lakers,Memphis Grizzlies,Home,0.72
Los Angeles Lakers,Boston Celtics,Away,0.36
Los Angeles Lakers,Toronto Raptors,Home,0.83
Los Angeles Lakers,Orlando Magic,Home,0.6766666666666666
Los Angeles Lakers,Cleveland Cavaliers,Away,0.28
Los Angeles Lakers,Minnesota Timberwolves,Home,0.5133333333333333
Los Angeles Lakers,Charlotte Bobcats,Home,0.6566666666666666
Los Angeles Lakers,Miami Heat,Home,0.5
Los Angeles Lakers,Denver Nuggets,Away,0.44
Los Angeles Lakers,Seattle SuperSonics,Home,0.8066666666666666
Los Angeles Lakers,Chicago Bulls,Home,0.5233333333333333
Los Angeles Lakers,Portland Trail Blazers,Home,0.8133333333333334
Los Angeles Lakers,Philadelphia 76ers,Home,0.9233333333333333
Los Angeles Lakers,Milwaukee Bucks,Home,0.65
Los Angeles Lakers,Houston Rockets,Home,0.5266666666666666
Los Angeles Lakers,Indiana Pacers,Away,0.4766666666666667
Los Angeles Lakers,New York Knicks,Away,0.44
Los Angeles Lakers,Washington Wizards,Home,0.9433333333333334
Los Angeles Lakers,Sacramento Kings,Home,0.64
Los Angeles Lakers,Atlanta Hawks,Home,0.78
Los Angeles Lakers,New Orleans/Oklahoma City Hornets,Home,0.56
Los Angeles Lakers,Oklahoma City Thunder,Away,0.3
Los Angeles Lakers,Brooklyn Nets,Home,0.9266666666666666
Los Angeles Lakers,New Orleans Pelicans,Home,0.9666666666666667
Los Angeles Lakers,Charlotte Hornets,Home,0.8233333333333334
Utah Jazz,Detroit Pistons,Away,0.15
Utah Jazz,Dallas Mavericks,Away,0.29
Utah Jazz,Los Angeles Lakers,Away,0.17333333333333334
Utah Jazz,Los Angeles Clippers,Away,0.28
Utah Jazz,Golden State Warriors,Away,0.22
Utah Jazz,Phoenix Suns,Home,0.5366666666666666
Utah Jazz,New Orleans Hornets,Home,0.5066666666666667
Utah Jazz,New Jersey Nets,Home,0.5033333333333333
Utah Jazz,San Antonio Spurs,Away,0.4866666666666667
Utah Jazz,Memphis Grizzlies,Away,0.27666666666666667
Utah Jazz,Boston Celtics,Away,0.22
Utah Jazz,Toronto Raptors,Away,0.37666666666666665
Utah Jazz,Orlando Magic,Away,0.20333333333333334
Utah Jazz,Cleveland Cavaliers,Away,0.10666666666666667
Utah Jazz,Minnesota Timberwolves,Away,0.22666666666666666
Utah Jazz,Charlotte Bobcats,Away,0.18
Utah Jazz,Miami Heat,Away,0.47
Utah Jazz,Denver Nuggets,Away,0.22666666666666666
Utah Jazz,Seattle SuperSonics,Away,0.4
Utah Jazz,Chicago Bulls,Away,0.24
Utah Jazz,Portland Trail Blazers,Away,0.4766666666666667
Utah Jazz,Philadelphia 76ers,Home,0.61
Utah Jazz,Milwaukee Bucks,Away,0.2733333333333333
Utah Jazz,Houston Rockets,Away,0.23333333333333334
Utah Jazz,Indiana Pacers,Away,0.18666666666666668
Utah Jazz,New York Knicks,Away,0.22666666666666666
Utah Jazz,Washington Wizards,Away,0.3433333333333333
Utah Jazz,Sacramento Kings,Away,0.19666666666666666
Utah Jazz,Atlanta Hawks,Away,0.22666666666666666
Utah Jazz,New Orleans/Oklahoma City Hornets,Away,0.18333333333333332
Utah Jazz,Oklahoma City Thunder,Away,0.30333333333333334
Utah Jazz,Brooklyn Nets,Home,0.67
Utah Jazz,New Orleans Pelicans,Away,0.3466666666666667
Utah Jazz,Charlotte Hornets,Away,0.2733333333333333
Los Angeles Clippers,Detroit Pistons,Home,0.7833333333333333
Los Angeles Clippers,Dallas Mavericks,Home,0.8366666666666667
Los Angeles Clippers,Los Angeles Lakers,Home,0.7133333333333334
Los Angeles Clippers,Utah Jazz,Home,0.64
Los Angeles Clippers,Golden State Warriors,Home,0.6433333333333333
Los Angeles Clippers,Phoenix Suns,Home,0.7533333333333333
Los Angeles Clippers,New Orleans Hornets,Home,0.6766666666666666
Los Angeles Clippers,New Jersey Nets,Home,0.63
Los Angeles Clippers,San Antonio Spurs,Home,0.7166666666666667
Los Angeles Clippers,Memphis Grizzlies,Home,0.6233333333333333
Los Angeles Clippers,Boston Celtics,Away,0.36333333333333334
Los Angeles Clippers,Toronto Raptors,Home,0.8366666666666667
Los Angeles Clippers,Orlando Magic,Home,0.6666666666666666
Los Angeles Clippers,Cleveland Cavaliers,Away,0.37
Los Angeles Clippers,Minnesota Timberwolves,Home,0.6633333333333333
Los Angeles Clippers,Charlotte Bobcats,Home,0.7433333333333333
Los Angeles Clippers,Miami Heat,Home,0.5266666666666666
Los Angeles Clippers,Denver Nuggets,Home,0.6566666666666666
Los Angeles Clippers,Seattle SuperSonics,Home,0.79
Los Angeles Clippers,Chicago Bulls,Home,0.6833333333333333
Los Angeles Clippers,Portland Trail Blazers,Home,0.8366666666666667
Los Angeles Clippers,Philadelphia 76ers,Home,0.8
Los Angeles Clippers,Milwaukee Bucks,Home,0.5866666666666667
Los Angeles Clippers,Houston Rockets,Home,0.5966666666666667
Los Angeles Clippers,Indiana Pacers,Home,0.8066666666666666
Los Angeles Clippers,New York Knicks,Home,0.61
Los Angeles Clippers,Washington Wizards,Home,0.9066666666666666
Los Angeles Clippers,Sacramento Kings,Home,0.7733333333333333
Los Angeles Clippers,Atlanta Hawks,Home,0.7733333333333333
Los Angeles Clippers,New Orleans/Oklahoma City Hornets,Home,0.7133333333333334
Los Angeles Clippers,Oklahoma City Thunder,Away,0.3566666666666667
Los Angeles Clippers,Brooklyn Nets,Home,0.78
Los Angeles Clippers,New Orleans Pelicans,Home,0.8833333333333333
Los Angeles Clippers,Charlotte Hornets,Home,0.9133333333333333
Golden State Warriors,Detroit Pistons,Home,0.6366666666666667
Golden State Warriors,Dallas Mavericks,Home,0.7966666666666666
Golden State Warriors,Los Angeles Lakers,Home,0.6066666666666667
Golden State Warriors,Utah Jazz,Home,0.5866666666666667
Golden State Warriors,Los Angeles Clippers,Away,0.49
Golden State Warriors,Phoenix Suns,Home,0.7066666666666667
Golden State Warriors,New Orleans Hornets,Home,0.84
Golden State Warriors,New Jersey Nets,Home,0.7766666666666666
Golden State Warriors,San Antonio Spurs,Home,0.8766666666666667
Golden State Warriors,Memphis Grizzlies,Home,0.6566666666666666
Golden State Warriors,Boston Celtics,Away,0.39666666666666667
Golden State Warriors,Toronto Raptors,Home,0.9
Golden State Warriors,Orlando Magic,Home,0.7633333333333333
Golden State Warriors,Cleveland Cavaliers,Home,0.5466666666666666
Golden State Warriors,Minnesota Timberwolves,Home,0.5133333333333333
Golden State Warriors,Charlotte Bobcats,Home,0.75
Golden State Warriors,Miami Heat,Away,0.49666666666666665
Golden State Warriors,Denver Nuggets,Home,0.5633333333333334
Golden State Warriors,Seattle SuperSonics,Home,0.7866666666666666
Golden State Warriors,Chicago Bulls,Home,0.5633333333333334
Golden State Warriors,Portland Trail Blazers,Home,0.8366666666666667
Golden State Warriors,Philadelphia 76ers,Home,0.87
Golden State Warriors,Milwaukee Bucks,Away,0.49333333333333335
Golden State Warriors,Houston Rockets,Away,0.30666666666666664
Golden State Warriors,Indiana Pacers,Home,0.5166666666666667
Golden State Warriors,New York Knicks,Home,0.5933333333333334
Golden State Warriors,Washington Wizards,Home,0.95
Golden State Warriors,Sacramento Kings,Home,0.67
Golden State Warriors,Atlanta Hawks,Home,0.8433333333333334
Golden State Warriors,New Orleans/Oklahoma City Hornets,Home,0.7133333333333334
Golden State Warriors,Oklahoma City Thunder,Away,0.43333333333333335
Golden State Warriors,Brooklyn Nets,Home,0.8566666666666667
Golden State Warriors,New Orleans Pelicans,Home,0.97
Golden State Warriors,Charlotte Hornets,Home,0.9366666666666666
Phoenix Suns,Detroit Pistons,Away,0.3933333333333333
Phoenix Suns,Dallas Mavericks,Home,0.51
Phoenix Suns,Los Angeles Lakers,Away,0.39666666666666667
Phoenix Suns,Utah Jazz,Home,0.8566666666666667
Phoenix Suns,Los Angeles Clippers,Away,0.43666666666666665
Phoenix Suns,Golden State Warriors,Home,0.5233333333333333
Phoenix Suns,New Orleans Hornets,Home,0.65
Phoenix Suns,New Jersey Nets,Home,0.5666666666666667
Phoenix Suns,San Antonio Spurs,Home,0.7333333333333333
Phoenix Suns,Memphis Grizzlies,Home,0.5033333333333333
Phoenix Suns,Boston Celtics,Away,0.18666666666666668
Phoenix Suns,Toronto Raptors,Home,0.6666666666666666
Phoenix Suns,Orlando Magic,Home,0.54
Phoenix Suns,Cleveland Cavaliers,Away,0.13666666666666666
Phoenix Suns,Minnesota Timberwolves,Home,0.5
Phoenix Suns,Charlotte Bobcats,Away,0.48
Phoenix Suns,Miami Heat,Home,0.5366666666666666
Phoenix Suns,Denver Nuggets,Away,0.38
Phoenix Suns,Seattle SuperSonics,Home,0.5433333333333333
Phoenix Suns,Chicago Bulls,Home,0.6033333333333334
Phoenix Suns,Portland Trail Blazers,Home,0.6733333333333333
Phoenix Suns,Philadelphia 76ers,Home,0.71
Phoenix Suns,Milwaukee Bucks,Away,0.36333333333333334
Phoenix Suns,Houston Rockets,Away,0.34
Phoenix Suns,Indiana Pacers,Away,0.41
Phoenix Suns,New York Knicks,Away,0.3233333333333333
Phoenix Suns,Washington Wizards,Home,0.9166666666666666
Phoenix Suns,Sacramento Kings,Away,0.4266666666666667
Phoenix Suns,Atlanta Hawks,Home,0.7233333333333334
Phoenix Suns,New Orleans/Oklahoma City Hornets,Home,0.6366666666666667
Phoenix Suns,Oklahoma City Thunder,Away,0.22333333333333333
Phoenix Suns,Brooklyn Nets,Home,0.8233333333333334
Phoenix Suns,New Orleans Pelicans,Home,0.6466666666666666
Phoenix Suns,Charlotte Hornets,Home,0.7066666666666667
New Orleans Hornets,Detroit Pistons,Home,0.59
New Orleans Hornets,Dallas Mavericks,Away,0.43
New Orleans Hornets,Los Angeles Lakers,Away,0.49
New Orleans Hornets,Utah Jazz,Home,0.84
New Orleans Hornets,Los Angeles Clippers,Away,0.35333333333333333
New Orleans Hornets,Golden State Warriors,Away,0.37666666666666665
New Orleans Hornets,Phoenix Suns,Away,0.4166666666666667
New Orleans Hornets,New Jersey Nets,Away,0.36
New Orleans Hornets,San Antonio Spurs,Home,0.6066666666666667
New Orleans Hornets,Memphis Grizzlies,Away,0.38
New Orleans Hornets,Boston Celtics,Away,0.25666666666666665
New Orleans Hornets,Toronto Raptors,Home,0.7633333333333333
New Orleans Hornets,Orlando Magic,Away,0.48
New Orleans Hornets,Cleveland Cavaliers,Away,0.3333333333333333
New Orleans Hornets,Minnesota Timberwolves,Home,0.5466666666666666
New Orleans Hornets,Charlotte Bobcats,Away,0.41
New Orleans Hornets,Miami Heat,Away,0.48
New Orleans Hornets,Denver Nuggets,Away,0.18
New Orleans Hornets,Seattle SuperSonics,Home,0.5766666666666667
New Orleans Hornets,Chicago Bulls,Away,0.44333333333333336
New Orleans Hornets,Portland Trail Blazers,Away,0.49666666666666665
New Orleans Hornets,Philadelphia 76ers,Home,0.7966666666666666
New Orleans Hornets,Milwaukee Bucks,Away,0.45666666666666667
New Orleans Hornets,Houston Rockets,Away,0.18333333333333332
New Orleans Hornets,Indiana Pacers,Away,0.23333333333333334
New Orleans Hornets,New York Knicks,Away,0.44666666666666666
New Orleans Hornets,Washington Wizards,Home,0.7833333333333333
New Orleans Hornets,Sacramento Kings,Away,0.43666666666666665
New Orleans Hornets,Atlanta Hawks,Home,0.5033333333333333
New Orleans Hornets,New Orleans/Oklahoma City Hornets,Away,0.44666666666666666
New Orleans Hornets,Oklahoma City Thunder,Away,0.23333333333333334
New Orleans Hornets,Brooklyn Nets,Home,0.71
New Orleans Hornets,New Orleans Pelicans,Home,0.6633333333333333
New Orleans Hornets,Charlotte Hornets,Home,0.6566666666666666
New Jersey Nets,Detroit Pistons,Home,0.58
New Jersey Nets,Dallas Mavericks,Away,0.48333333333333334
New Jersey Nets,Los Angeles Lakers,Away,0.47
New Jersey Nets,Utah Jazz,Home,0.82
New Jersey Nets,Los Angeles Clippers,Away,0.38333333333333336
New Jersey Nets,Golden State Warriors,Away,0.3233333333333333
New Jersey Nets,Phoenix Suns,Away,0.41
New Jersey Nets,New Orleans Hornets,Home,0.68
New Jersey Nets,San Antonio Spurs,Home,0.6033333333333334
New Jersey Nets,Memphis Grizzlies,Away,0.44
New Jersey Nets,Boston Celtics,Away,0.2633333333333333
New Jersey Nets,Toronto Raptors,Home,0.8066666666666666
New Jersey Nets,Orlando Magic,Home,0.52
New Jersey Nets,Cleveland Cavaliers,Away,0.37333333333333335
New Jersey Nets,Minnesota Timberwolves,Home,0.6066666666666667
New Jersey Nets,Charlotte Bobcats,Home,0.6
New Jersey Nets,Miami Heat,Home,0.5333333333333333
New Jersey Nets,Denver Nuggets,Away,0.19
New Jersey Nets,Seattle SuperSonics,Home,0.55
New Jersey Nets,Chicago Bulls,Home,0.5833333333333334
New Jersey Nets,Portland Trail Blazers,Away,0.4866666666666667
New Jersey Nets,Philadelphia 76ers,Home,0.7866666666666666
New Jersey Nets,Milwaukee Bucks,Away,0.49666666666666665
New Jersey Nets,Houston Rockets,Away,0.21
New Jersey Nets,Indiana Pacers,Away,0.22666666666666666
New Jersey Nets,New York Knicks,Away,0.46
New Jersey Nets,Washington Wizards,Home,0.78
New Jersey Nets,Sacramento Kings,Home,0.5766666666666667
New Jersey Nets,Atlanta Hawks,Home,0.5166666666666667
New Jersey Nets,New Orleans/Oklahoma City Hornets,Home,0.6266666666666667
New Jersey Nets,Oklahoma City Thunder,Away,0.29333333333333333
New Jersey Nets,Brooklyn Nets,Home,0.71
New Jersey Nets,New Orleans Pelicans,Home,0.6266666666666667
New Jersey Nets,Charlotte Hornets,Home,0.67
San Antonio Spurs,Detroit Pistons,Away,0.2833333333333333
San Antonio Spurs,Dallas Mavericks,Home,0.53
San Antonio Spurs,Los Angeles Lakers,Away,0.30333333333333334
San Antonio Spurs,Utah Jazz,Home,0.81
San Antonio Spurs,Los Angeles Clippers,Away,0.26666666666666666
San Antonio Spurs,Golden State Warriors,Away,0.38
San Antonio Spurs,Phoenix Suns,Home,0.5133333333333333
San Antonio Spurs,New Orleans Hornets,Home,0.55
San Antonio Spurs,New Jersey Nets,Home,0.5633333333333334
San Antonio Spurs,Memphis Grizzlies,Away,0.38333333333333336
San Antonio Spurs,Boston Celtics,Away,0.10666666666666667
San Antonio Spurs,Toronto Raptors,Away,0.39
San Antonio Spurs,Orlando Magic,Away,0.27
San Antonio Spurs,Cleveland Cavaliers,Away,0.12666666666666668
San Antonio Spurs,Minnesota Timberwolves,Away,0.3933333333333333
San Antonio Spurs,Charlotte Bobcats,Away,0.3
San Antonio Spurs,Miami Heat,Away,0.39666666666666667
San Antonio Spurs,Denver Nuggets,Away,0.33666666666666667
San Antonio Spurs,Seattle SuperSonics,Away,0.47333333333333333
San Antonio Spurs,Chicago Bulls,Away,0.36333333333333334
San Antonio Spurs,Portland Trail Blazers,Away,0.45
San Antonio Spurs,Philadelphia 76ers,Away,0.26
San Antonio Spurs,Milwaukee Bucks,Away,0.31333333333333335
San Antonio Spurs,Houston Rockets,Away,0.2733333333333333
San Antonio Spurs,Indiana Pacers,Away,0.31
San Antonio Spurs,New York Knicks,Away,0.39666666666666667
San Antonio Spurs,Washington Wizards,Home,0.7566666666666667
San Antonio Spurs,Sacramento Kings,Away,0.33666666666666667
San Antonio Spurs,Atlanta Hawks,Away,0.47
San Antonio Spurs,New Orleans/Oklahoma City Hornets,Away,0.3466666666666667
San Antonio Spurs,Oklahoma City Thunder,Away,0.13
San Antonio Spurs,Brooklyn Nets,Away,0.38
San Antonio Spurs,New Orleans Pelicans,Home,0.5733333333333334
San Antonio Spurs,Charlotte Hornets,Home,0.7866666666666666
Memphis Grizzlies,Detroit Pistons,Home,0.6866666666666666
Memphis Grizzlies,Dallas Mavericks,Home,0.6233333333333333
Memphis Grizzlies,Los Angeles Lakers,Away,0.42
Memphis Grizzlies,Utah Jazz,Home,0.8166666666666667
Memphis Grizzlies,Los Angeles Clippers,Away,0.4766666666666667
Memphis Grizzlies,Golden State Warriors,Away,0.36333333333333334
Memphis Grizzlies,Phoenix Suns,Home,0.7333333333333333
Memphis Grizzlies,New Orleans Hornets,Home,0.76
Memphis Grizzlies,New Jersey Nets,Home,0.7866666666666666
Memphis Grizzlies,San Antonio Spurs,Home,0.76
Memphis Grizzlies,Boston Celtics,Away,0.23333333333333334
Memphis Grizzlies,Toronto Raptors,Home,0.8433333333333334
Memphis Grizzlies,Orlando Magic,Home,0.6066666666666667
Memphis Grizzlies,Cleveland Cavaliers,Away,0.29333333333333333
Memphis Grizzlies,Minnesota Timberwolves,Away,0.4533333333333333
Memphis Grizzlies,Charlotte Bobcats,Home,0.5733333333333334
Memphis Grizzlies,Miami Heat,Home,0.51
Memphis Grizzlies,Denver Nuggets,Away,0.23666666666666666
Memphis Grizzlies,Seattle SuperSonics,Home,0.6866666666666666
Memphis Grizzlies,Chicago Bulls,Home,0.6533333333333333
Memphis Grizzlies,Portland Trail Blazers,Home,0.6433333333333333
Memphis Grizzlies,Philadelphia 76ers,Home,0.9
Memphis Grizzlies,Milwaukee Bucks,Home,0.6766666666666666
Memphis Grizzlies,Houston Rockets,Away,0.2633333333333333
Memphis Grizzlies,Indiana Pacers,Away,0.38
Memphis Grizzlies,New York Knicks,Away,0.4266666666666667
Memphis Grizzlies,Washington Wizards,Home,0.7966666666666666
Memphis Grizzlies,Sacramento Kings,Home,0.5933333333333334
Memphis Grizzlies,Atlanta Hawks,Home,0.8533333333333334
Memphis Grizzlies,New Orleans/Oklahoma City Hornets,Home,0.5966666666666667
Memphis Grizzlies,Oklahoma City Thunder,Away,0.2966666666666667
Memphis Grizzlies,Brooklyn Nets,Home,0.8166666666666667
Memphis Grizzlies,New Orleans Pelicans,Home,0.8833333333333333
Memphis Grizzlies,Charlotte Hornets,Home,0.81
Boston Celtics,Detroit Pistons,Home,0.7766666666666666
Boston Celtics,Dallas Mavericks,Home,0.93
Boston Celtics,Los Angeles Lakers,Home,0.8566666666666667
Boston Celtics,Utah Jazz,Home,0.76
Boston Celtics,Los Angeles Clippers,Home,0.7266666666666667
Boston Celtics,Golden State Warriors,Home,0.77
Boston Celtics,Phoenix Suns,Home,0.7466666666666667
Boston Celtics,New Orleans Hornets,Home,0.9533333333333334
Boston Celtics,New Jersey Nets,Home,0.9766666666666667
Boston Celtics,San Antonio Spurs,Home,0.9666666666666667
Boston Celtics,Memphis Grizzlies,Home,0.77
Boston Celtics,Toronto Raptors,Home,0.8833333333333333
Boston Celtics,Orlando Magic,Home,0.7466666666666667
Boston Celtics,Cleveland Cavaliers,Home,0.84
Boston Celtics,Minnesota Timberwolves,Home,0.8466666666666667
Boston Celtics,Charlotte Bobcats,Home,0.74
Boston Celtics,Miami Heat,Away,0.31333333333333335
Boston Celtics,Denver Nuggets,Home,0.74
Boston Celtics,Seattle SuperSonics,Home,0.9466666666666667
Boston Celtics,Chicago Bulls,Home,0.8366666666666667
Boston Celtics,Portland Trail Blazers,Home,0.95
Boston Celtics,Philadelphia 76ers,Home,0.89
Boston Celtics,Milwaukee Bucks,Home,0.7733333333333333
Boston Celtics,Houston Rockets,Home,0.6966666666666667
Boston Celtics,Indiana Pacers,Home,0.7
Boston Celtics,New York Knicks,Home,0.7
Boston Celtics,Washington Wizards,Home,0.9633333333333334
Boston Celtics,Sacramento Kings,Home,0.67
Boston Celtics,Atlanta Hawks,Home,0.7666666666666667
Boston Celtics,New Orleans/Oklahoma City Hornets,Home,0.8
Boston Celtics,Oklahoma City Thunder,Home,0.7
Boston Celtics,Brooklyn Nets,Home,0.9466666666666667
Boston Celtics,New Orleans Pelicans,Home,0.8633333333333333
Boston Celtics,Charlotte Hornets,Home,0.8666666666666667
Toronto Raptors,Detroit Pistons,Away,0.43
Toronto Raptors,Dallas Mavericks,Home,0.5033333333333333
Toronto Raptors,Los Angeles Lakers,Away,0.41
Toronto Raptors,Utah Jazz,Home,0.81
Toronto Raptors,Los Angeles Clippers,Home,0.5133333333333333
Toronto Raptors,Golden State Warriors,Away,0.36333333333333334
Toronto Raptors,Phoenix Suns,Home,0.5533333333333333
Toronto Raptors,New Orleans Hornets,Home,0.5233333333333333
Toronto Raptors,New Jersey Nets,Home,0.5033333333333333
Toronto Raptors,San Antonio Spurs,Home,0.6133333333333333
Toronto Raptors,Memphis Grizzlies,Away,0.44666666666666666
Toronto Raptors,Boston Celtics,Away,0.3566666666666667
Toronto Raptors,Orlando Magic,Home,0.5166666666666667
Toronto Raptors,Cleveland Cavaliers,Home,0.5633333333333334
Toronto Raptors,Minnesota Timberwolves,Away,0.43666666666666665
Toronto Raptors,Charlotte Bobcats,Away,0.36666666666666664
Toronto Raptors,Miami Heat,Home,0.5333333333333333
Toronto Raptors,Denver Nuggets,Away,0.3466666666666667
Toronto Raptors,Seattle SuperSonics,Away,0.48
Toronto Raptors,Chicago Bulls,Home,0.6
Toronto Raptors,Portland Trail Blazers,Home,0.5333333333333333
Toronto Raptors,Philadelphia 76ers,Home,0.7366666666666667
Toronto Raptors,Milwaukee Bucks,Home,0.6066666666666667
Toronto Raptors,Houston Rockets,Away,0.37
Toronto Raptors,Indiana Pacers,Away,0.34
Toronto Raptors,New York Knicks,Away,0.3933333333333333
Toronto Raptors,Washington Wizards,Home,0.7533333333333333
Toronto Raptors,Sacramento Kings,Away,0.4266666666666667
Toronto Raptors,Atlanta Hawks,Away,0.47
Toronto Raptors,New Orleans/Oklahoma City Hornets,Home,0.5766666666666667
Toronto Raptors,Oklahoma City Thunder,Away,0.37666666666666665
Toronto Raptors,Brooklyn Nets,Home,0.7166666666666667
Toronto Raptors,New Orleans Pelicans,Home,0.64
Toronto Raptors,Charlotte Hornets,Home,0.52
Orlando Magic,Detroit Pistons,Home,0.6066666666666667
Orlando Magic,Dallas Mavericks,Home,0.8633333333333333
Orlando Magic,Los Angeles Lakers,Home,0.52
Orlando Magic,Utah Jazz,Home,0.79
Orlando Magic,Los Angeles Clippers,Away,0.26
Orlando Magic,Golden State Warriors,Home,0.59
Orlando Magic,Phoenix Suns,Home,0.5533333333333333
Orlando Magic,New Orleans Hornets,Home,0.57
Orlando Magic,New Jersey Nets,Home,0.5566666666666666
Orlando Magic,San Antonio Spurs,Home,0.8266666666666667
Orlando Magic,Memphis Grizzlies,Away,0.4033333333333333
Orlando Magic,Boston Celtics,Away,0.38333333333333336
Orlando Magic,Toronto Raptors,Home,0.88
Orlando Magic,Cleveland Cavaliers,Home,0.5066666666666667
Orlando Magic,Minnesota Timberwolves,Home,0.5133333333333333
Orlando Magic,Charlotte Bobcats,Home,0.7766666666666666
Orlando Magic,Miami Heat,Home,0.6366666666666667
Orlando Magic,Denver Nuggets,Away,0.37
Orlando Magic,Seattle SuperSonics,Home,0.5533333333333333
Orlando Magic,Chicago Bulls,Home,0.69
Orlando Magic,Portland Trail Blazers,Home,0.6933333333333334
Orlando Magic,Philadelphia 76ers,Home,0.77
Orlando Magic,Milwaukee Bucks,Away,0.37
Orlando Magic,Houston Rockets,Away,0.4066666666666667
Orlando Magic,Indiana Pacers,Home,0.5433333333333333
Orlando Magic,New York Knicks,Home,0.5866666666666667
Orlando Magic,Washington Wizards,Home,0.8633333333333333
Orlando Magic,Sacramento Kings,Home,0.8066666666666666
Orlando Magic,Atlanta Hawks,Home,0.7566666666666667
Orlando Magic,New Orleans/Oklahoma City Hornets,Home,0.8433333333333334
Orlando Magic,Oklahoma City Thunder,Away,0.4166666666666667
Orlando Magic,Brooklyn Nets,Home,0.6666666666666666
Orlando Magic,New Orleans Pelicans,Home,0.8033333333333333
Orlando Magic,Charlotte Hornets,Home,0.8133333333333334
Cleveland Cavaliers,Detroit Pistons,Home,0.9166666666666666
Cleveland Cavaliers,Dallas Mavericks,Home,0.92
Cleveland Cavaliers,Los Angeles Lakers,Home,0.79
Cleveland Cavaliers,Utah Jazz,Home,0.8733333333333333
Cleveland Cavaliers,Los Angeles Clippers,Home,0.84
Cleveland Cavaliers,Golden State Warriors,Home,0.8166666666666667
Cleveland Cavaliers,Phoenix Suns,Home,0.8766666666666667
Cleveland Cavaliers,New Orleans Hornets,Home,0.8733333333333333
Cleveland Cavaliers,New Jersey Nets,Home,0.9333333333333333
Cleveland Cavaliers,San Antonio Spurs,Home,0.96
Cleveland Cavaliers,Memphis Grizzlies,Home,0.8466666666666667
Cleveland Cavaliers,Boston Celtics,Home,0.6033333333333334
Cleveland Cavaliers,Toronto Raptors,Home,0.82
Cleveland Cavaliers,Orlando Magic,Home,0.7933333333333333
Cleveland Cavaliers,Minnesota Timberwolves,Home,0.8233333333333334
Cleveland Cavaliers,Charlotte Bobcats,Home,0.8733333333333333
Cleveland Cavaliers,Miami Heat,Away,0.31666666666666665
Cleveland Cavaliers,Denver Nuggets,Home,0.78
Cleveland Cavaliers,Seattle SuperSonics,Home,0.97
Cleveland Cavaliers,Chicago Bulls,Home,0.7633333333333333
Cleveland Cavaliers,Portland Trail Blazers,Home,0.93
Cleveland Cavaliers,Philadelphia 76ers,Home,0.9566666666666667
Cleveland Cavaliers,Milwaukee Bucks,Home,0.7866666666666666
Cleveland Cavaliers,Houston Rockets,Home,0.7033333333333334
Cleveland Cavaliers,Indiana Pacers,Home,0.77
Cleveland Cavaliers,New York Knicks,Home,0.7433333333333333
Cleveland Cavaliers,Washington Wizards,Home,0.93
Cleveland Cavaliers,Sacramento Kings,Home,0.5333333333333333
Cleveland Cavaliers,Atlanta Hawks,Home,0.7066666666666667
Cleveland Cavaliers,New Orleans/Oklahoma City Hornets,Home,0.7866666666666666
Cleveland Cavaliers,Oklahoma City Thunder,Home,0.66
Cleveland Cavaliers,Brooklyn Nets,Home,0.87
Cleveland Cavaliers,New Orleans Pelicans,Home,0.9466666666666667
Cleveland Cavaliers,Charlotte Hornets,Home,0.9166666666666666
Minnesota Timberwolves,Detroit Pistons,Home,0.7766666666666666
Minnesota Timberwolves,Dallas Mavericks,Home,0.7466666666666667
Minnesota Timberwolves,Los Angeles Lakers,Home,0.54
Minnesota Timberwolves,Utah Jazz,Home,0.9066666666666666
Minnesota Timberwolves,Los Angeles Clippers,Home,0.62
Minnesota Timberwolves,Golden State Warriors,Home,0.5366666666666666
Minnesota Timberwolves,Phoenix Suns,Home,0.8133333333333334
Minnesota Timberwolves,New Orleans Hornets,Home,0.8366666666666667
Minnesota Timberwolves,New Jersey Nets,Home,0.8233333333333334
Minnesota Timberwolves,San Antonio Spurs,Home,0.8233333333333334
Minnesota Timberwolves,Memphis Grizzlies,Home,0.7666666666666667
Minnesota Timberwolves,Boston Celtics,Away,0.4866666666666667
Minnesota Timberwolves,Toronto Raptors,Home,0.78
Minnesota Timberwolves,Orlando Magic,Home,0.5866666666666667
Minnesota Timberwolves,Cleveland Cavaliers,Home,0.54
Minnesota Timberwolves,Charlotte Bobcats,Home,0.7266666666666667
Minnesota Timberwolves,Miami Heat,Home,0.5833333333333334
Minnesota Timberwolves,Denver Nuggets,Home,0.5666666666666667
Minnesota Timberwolves,Seattle SuperSonics,Home,0.7133333333333334
Minnesota Timberwolves,Chicago Bulls,Home,0.6366666666666667
Minnesota Timberwolves,Portland Trail Blazers,Home,0.7933333333333333
Minnesota Timberwolves,Philadelphia 76ers,Home,0.82
Minnesota Timberwolves,Milwaukee Bucks,Home,0.69
Minnesota Timberwolves,Houston Rockets,Away,0.47333333333333333
Minnesota Timberwolves,Indiana Pacers,Home,0.5566666666666666
Minnesota Timberwolves,New York Knicks,Home,0.6466666666666666
Minnesota Timberwolves,Washington Wizards,Home,0.9533333333333334
Minnesota Timberwolves,Sacramento Kings,Home,0.59
Minnesota Timberwolves,Atlanta Hawks,Home,0.6866666666666666
Minnesota Timberwolves,New Orleans/Oklahoma City Hornets,Home,0.62
Minnesota Timberwolves,Oklahoma City Thunder,Away,0.46
Minnesota Timberwolves,Brooklyn Nets,Home,0.84
Minnesota Timberwolves,New Orleans Pelicans,Home,0.8866666666666667
Minnesota Timberwolves,Charlotte Hornets,Home,0.88
Charlotte Bobcats,Detroit Pistons,Away,0.4033333333333333
Charlotte Bobcats,Dallas Mavericks,Home,0.7266666666666667
Charlotte Bobcats,Los Angeles Lakers,Home,0.5166666666666667
Charlotte Bobcats,Utah Jazz,Home,0.71
Charlotte Bobcats,Los Angeles Clippers,Away,0.3466666666666667
Charlotte Bobcats,Golden State Warriors,Home,0.57
Charlotte Bobcats,Phoenix Suns,Away,0.30666666666666664
Charlotte Bobcats,New Orleans Hornets,Home,0.5666666666666667
Charlotte Bobcats,New Jersey Nets,Home,0.5466666666666666
Charlotte Bobcats,San Antonio Spurs,Home,0.73
Charlotte Bobcats,Memphis Grizzlies,Home,0.6733333333333333
Charlotte Bobcats,Boston Celtics,Away,0.2866666666666667
Charlotte Bobcats,Toronto Raptors,Home,0.8166666666666667
Charlotte Bobcats,Orlando Magic,Home,0.57
Charlotte Bobcats,Cleveland Cavaliers,Away,0.26666666666666666
Charlotte Bobcats,Minnesota Timberwolves,Away,0.45
Charlotte Bobcats,Miami Heat,Home,0.5133333333333333
Charlotte Bobcats,Denver Nuggets,Away,0.3333333333333333
Charlotte Bobcats,Seattle SuperSonics,Away,0.3933333333333333
Charlotte Bobcats,Chicago Bulls,Home,0.5366666666666666
Charlotte Bobcats,Portland Trail Blazers,Home,0.5733333333333334
Charlotte Bobcats,Philadelphia 76ers,Home,0.7633333333333333
Charlotte Bobcats,Milwaukee Bucks,Home,0.5433333333333333
Charlotte Bobcats,Houston Rockets,Away,0.34
Charlotte Bobcats,Indiana Pacers,Away,0.4166666666666667
Charlotte Bobcats,New York Knicks,Away,0.31333333333333335
Charlotte Bobcats,Washington Wizards,Home,0.9033333333333333
Charlotte Bobcats,Sacramento Kings,Away,0.44
Charlotte Bobcats,Atlanta Hawks,Home,0.8333333333333334
Charlotte Bobcats,New Orleans/Oklahoma City Hornets,Home,0.5733333333333334
Charlotte Bobcats,Oklahoma City Thunder,Away,0.22
Charlotte Bobcats,Brooklyn Nets,Home,0.89
Charlotte Bobcats,New Orleans Pelicans,Home,0.9166666666666666
Charlotte Bobcats,Charlotte Hornets,Home,0.93
Miami Heat,Detroit Pistons,Home,0.54
Miami Heat,Dallas Mavericks,Home,0.62
Miami Heat,Los Angeles Lakers,Away,0.41
Miami Heat,Utah Jazz,Home,0.7
Miami Heat,Los Angeles Clippers,Away,0.4533333333333333
Miami Heat,Golden State Warriors,Away,0.4033333333333333
Miami Heat,Phoenix Suns,Home,0.55
Miami Heat,New Orleans Hornets,Home,0.55
Miami Heat,New Jersey Nets,Home,0.5233333333333333
Miami Heat,San Antonio Spurs,Home,0.5433333333333333
Miami Heat,Memphis Grizzlies,Away,0.4033333333333333
Miami Heat,Boston Celtics,Away,0.43333333333333335
Miami Heat,Toronto Raptors,Home,0.79
Miami Heat,Orlando Magic,Home,0.7366666666666667
Miami Heat,Cleveland Cavaliers,Away,0.4033333333333333
Miami Heat,Minnesota Timberwolves,Away,0.47
Miami Heat,Charlotte Bobcats,Home,0.6666666666666666
Miami Heat,Denver Nuggets,Away,0.43333333333333335
Miami Heat,Seattle SuperSonics,Home,0.6033333333333334
Miami Heat,Chicago Bulls,Home,0.7166666666666667
Miami Heat,Portland Trail Blazers,Home,0.5933333333333334
Miami Heat,Philadelphia 76ers,Home,0.72
Miami Heat,Milwaukee Bucks,Away,0.49
Miami Heat,Houston Rockets,Away,0.49
Miami Heat,Indiana Pacers,Away,0.4533333333333333
Miami Heat,New York Knicks,Away,0.4166666666666667
Miami Heat,Washington Wizards,Home,0.7366666666666667
Miami Heat,Sacramento Kings,Home,0.76
Miami Heat,Atlanta Hawks,Home,0.7833333333333333
Miami Heat,New Orleans/Oklahoma City Hornets,Home,0.6966666666666667
Miami Heat,Oklahoma City Thunder,Away,0.43333333333333335
Miami Heat,Brooklyn Nets,Home,0.6066666666666667
Miami Heat,New Orleans Pelicans,Home,0.8366666666666667
Miami Heat,Charlotte Hornets,Home,0.7333333333333333
Denver Nuggets,Detroit Pistons,Home,0.5966666666666667
Denver Nuggets,Dallas Mavericks,Home,0.7666666666666667
Denver Nuggets,Los Angeles Lakers,Home,0.6566666666666666
Denver Nuggets,Utah Jazz,Home,0.9466666666666667
Denver Nuggets,Los Angeles Clippers,Home,0.6
Denver Nuggets,Golden State Warriors,Home,0.5133333333333333
Denver Nuggets,Phoenix Suns,Home,0.8533333333333334
Denver Nuggets,New Orleans Hornets,Home,0.7866666666666666
Denver Nuggets,New Jersey Nets,Home,0.7833333333333333
Denver Nuggets,San Antonio Spurs,Home,0.8633333333333333
Denver Nuggets,Memphis Grizzlies,Home,0.83
Denver Nuggets,Boston Celtics,Away,0.37
Denver Nuggets,Toronto Raptors,Home,0.8733333333333333
Denver Nuggets,Orlando Magic,Home,0.6466666666666666
Denver Nuggets,Cleveland Cavaliers,Home,0.53
Denver Nuggets,Minnesota Timberwolves,Home,0.5833333333333334
Denver Nuggets,Charlotte Bobcats,Home,0.7066666666666667
Denver Nuggets,Miami Heat,Home,0.6233333333333333
Denver Nuggets,Seattle SuperSonics,Home,0.7866666666666666
Denver Nuggets,Chicago Bulls,Home,0.6933333333333334
Denver Nuggets,Portland Trail Blazers,Home,0.8433333333333334
Denver Nuggets,Philadelphia 76ers,Home,0.9066666666666666
Denver Nuggets,Milwaukee Bucks,Home,0.67
Denver Nuggets,Houston Rockets,Away,0.43333333333333335
Denver Nuggets,Indiana Pacers,Away,0.35333333333333333
Denver Nuggets,New York Knicks,Away,0.44666666666666666
Denver Nuggets,Washington Wizards,Home,0.9566666666666667
Denver Nuggets,Sacramento Kings,Home,0.72
Denver Nuggets,Atlanta Hawks,Home,0.8033333333333333
Denver Nuggets,New Orleans/Oklahoma City Hornets,Home,0.67
Denver Nuggets,Oklahoma City Thunder,Away,0.45666666666666667
Denver Nuggets,Brooklyn Nets,Home,0.91
Denver Nuggets,New Orleans Pelicans,Home,0.9166666666666666
Denver Nuggets,Charlotte Hornets,Home,0.82
Seattle SuperSonics,Detroit Pistons,Away,0.39666666666666667
Seattle SuperSonics,Dallas Mavericks,Home,0.5333333333333333
Seattle SuperSonics,Los Angeles Lakers,Away,0.17333333333333334
Seattle SuperSonics,Utah Jazz,Home,0.6733333333333333
Seattle SuperSonics,Los Angeles Clippers,Away,0.42333333333333334
Seattle SuperSonics,Golden State Warriors,Away,0.17
Seattle SuperSonics,Phoenix Suns,Away,0.48333333333333334
Seattle SuperSonics,New Orleans Hornets,Away,0.4633333333333333
Seattle SuperSonics,New Jersey Nets,Away,0.36
Seattle SuperSonics,San Antonio Spurs,Away,0.41333333333333333
Seattle SuperSonics,Memphis Grizzlies,Away,0.39
Seattle SuperSonics,Boston Celtics,Away,0.09666666666666666
Seattle SuperSonics,Toronto Raptors,Away,0.41
Seattle SuperSonics,Orlando Magic,Away,0.4266666666666667
Seattle SuperSonics,Cleveland Cavaliers,Away,0.12333333333333334
Seattle SuperSonics,Minnesota Timberwolves,Away,0.34
Seattle SuperSonics,Charlotte Bobcats,Away,0.4166666666666667
Seattle SuperSonics,Miami Heat,Home,0.52
Seattle SuperSonics,Denver Nuggets,Away,0.41333333333333333
Seattle SuperSonics,Chicago Bulls,Home,0.55
Seattle SuperSonics,Portland Trail Blazers,Home,0.5333333333333333
Seattle SuperSonics,Philadelphia 76ers,Away,0.49666666666666665
Seattle SuperSonics,Milwaukee Bucks,Away,0.4533333333333333
Seattle SuperSonics,Houston Rockets,Away,0.23333333333333334
Seattle SuperSonics,Indiana Pacers,Away,0.17
Seattle SuperSonics,New York Knicks,Away,0.32666666666666666
Seattle SuperSonics,Washington Wizards,Home,0.6
Seattle SuperSonics,Sacramento Kings,Away,0.42
Seattle SuperSonics,Atlanta Hawks,Away,0.47333333333333333
Seattle SuperSonics,New Orleans/Oklahoma City Hornets,Home,0.5166666666666667
Seattle SuperSonics,Oklahoma City Thunder,Away,0.14333333333333334
Seattle SuperSonics,Brooklyn Nets,Away,0.49666666666666665
Seattle SuperSonics,New Orleans Pelicans,Away,0.46
Seattle SuperSonics,Charlotte Hornets,Home,0.66
Chicago Bulls,Detroit Pistons,Home,0.5233333333333333
Chicago Bulls,Dallas Mavericks,Away,0.49333333333333335
Chicago Bulls,Los Angeles Lakers,Away,0.3233333333333333
Chicago Bulls,Utah Jazz,Home,0.8733333333333333
Chicago Bulls,Los Angeles Clippers,Home,0.5033333333333333
Chicago Bulls,Golden State Warriors,Away,0.44
Chicago Bulls,Phoenix Suns,Home,0.5233333333333333
Chicago Bulls,New Orleans Hornets,Home,0.58
Chicago Bulls,New Jersey Nets,Home,0.55
Chicago Bulls,San Antonio Spurs,Home,0.82
Chicago Bulls,Memphis Grizzlies,Home,0.52
Chicago Bulls,Boston Celtics,Away,0.28
Chicago Bulls,Toronto Raptors,Home,0.54
Chicago Bulls,Orlando Magic,Home,0.6
Chicago Bulls,Cleveland Cavaliers,Away,0.25333333333333335
Chicago Bulls,Minnesota Timberwolves,Away,0.38
Chicago Bulls,Charlotte Bobcats,Home,0.6866666666666666
Chicago Bulls,Miami Heat,Home,0.5233333333333333
Chicago Bulls,Denver Nuggets,Away,0.39
Chicago Bulls,Seattle SuperSonics,Home,0.6833333333333333
Chicago Bulls,Portland Trail Blazers,Home,0.65
Chicago Bulls,Philadelphia 76ers,Home,0.8366666666666667
Chicago Bulls,Milwaukee Bucks,Away,0.4666666666666667
Chicago Bulls,Houston Rockets,Away,0.46
Chicago Bulls,Indiana Pacers,Away,0.37666666666666665
Chicago Bulls,New York Knicks,Away,0.3466666666666667
Chicago Bulls,Washington Wizards,Home,0.8466666666666667
Chicago Bulls,Sacramento Kings,Home,0.6366666666666667
Chicago Bulls,Atlanta Hawks,Home,0.58
Chicago Bulls,New Orleans/Oklahoma City Hornets,Home,0.5866666666666667
Chicago Bulls,Oklahoma City Thunder,Away,0.3333333333333333
Chicago Bulls,Brooklyn Nets,Home,0.8
Chicago Bulls,New Orleans Pelicans,Home,0.8366666666666667
Chicago Bulls,Charlotte Hornets,Home,0.7566666666666667
Portland Trail Blazers,Detroit Pistons,Home,0.5633333333333334
Portland Trail Blazers,Dallas Mavericks,Home,0.6133333333333333
Portland Trail Blazers,Los Angeles Lakers,Away,0.3933333333333333
Portland Trail Blazers,Utah Jazz,Home,0.7866666666666666
Portland Trail Blazers,Los Angeles Clippers,Away,0.33666666666666667
Portland Trail Blazers,Golden State Warriors,Away,0.44333333333333336
Portland Trail Blazers,Phoenix Suns,Away,0.44
Portland Trail Blazers,New Orleans Hornets,Home,0.6333333333333333
Portland Trail Blazers,New Jersey Nets,Away,0.44
Portland Trail Blazers,San Antonio Spurs,Home,0.8066666666666666
Portland Trail Blazers,Memphis Grizzlies,Home,0.5633333333333334
Portland Trail Blazers,Boston Celtics,Away,0.38333333333333336
Portland Trail Blazers,Toronto Raptors,Home,0.7933333333333333
Portland Trail Blazers,Orlando Magic,Home,0.51
Portland Trail Blazers,Cleveland Cavaliers,Away,0.11666666666666667
Portland Trail Blazers,Minnesota Timberwolves,Home,0.51
Portland Trail Blazers,Charlotte Bobcats,Home,0.5866666666666667
Portland Trail Blazers,Miami Heat,Home,0.6366666666666667
Portland Trail Blazers,Denver Nuggets,Away,0.44
Portland Trail Blazers,Seattle SuperSonics,Away,0.47333333333333333
Portland Trail Blazers,Chicago Bulls,Away,0.36666666666666664
Portland Trail Blazers,Philadelphia 76ers,Home,0.76
Portland Trail Blazers,Milwaukee Bucks,Home,0.5033333333333333
Portland Trail Blazers,Houston Rockets,Away,0.2966666666666667
Portland Trail Blazers,Indiana Pacers,Home,0.5333333333333333
Portland Trail Blazers,New York Knicks,Away,0.30666666666666664
Portland Trail Blazers,Washington Wizards,Home,0.8066666666666666
Portland Trail Blazers,Sacramento Kings,Home,0.5633333333333334
Portland Trail Blazers,Atlanta Hawks,Away,0.4066666666666667
Portland Trail Blazers,New Orleans/Oklahoma City Hornets,Home,0.54
Portland Trail Blazers,Oklahoma City Thunder,Away,0.27
Portland Trail Blazers,Brooklyn Nets,Home,0.7533333333333333
Portland Trail Blazers,New Orleans Pelicans,Home,0.6166666666666667
Portland Trail Blazers,Charlotte Hornets,Home,0.7133333333333334
Philadelphia 76ers,Detroit Pistons,Away,0.22666666666666666
Philadelphia 76ers,Dallas Mavericks,Away,0.3
Philadelphia 76ers,Los Angeles Lakers,Away,0.19
Philadelphia 76ers,Utah Jazz,Home,0.5
Philadelphia 76ers,Los Angeles Clippers,Away,0.21
Philadelphia 76ers,Golden State Warriors,Away,0.31
Philadelphia 76ers,Phoenix Suns,Home,0.52
Philadelphia 76ers,New Orleans Hornets,Away,0.43666666666666665
Philadelphia 76ers,New Jersey Nets,Away,0.4533333333333333
Philadelphia 76ers,San Antonio Spurs,Home,0.52
Philadelphia 76ers,Memphis Grizzlies,Away,0.29
Philadelphia 76ers,Boston Celtics,Away,0.12333333333333334
Philadelphia 76ers,Toronto Raptors,Away,0.4166666666666667
Philadelphia 76ers,Orlando Magic,Away,0.25666666666666665
Philadelphia 76ers,Cleveland Cavaliers,Away,0.04666666666666667
Philadelphia 76ers,Minnesota Timberwolves,Away,0.24333333333333335
Philadelphia 76ers,Charlotte Bobcats,Away,0.2866666666666667
Philadelphia 76ers,Miami Heat,Away,0.4633333333333333
Philadelphia 76ers,Denver Nuggets,Away,0.25
Philadelphia 76ers,Seattle SuperSonics,Away,0.3933333333333333
Philadelphia 76ers,Chicago Bulls,Away,0.34
Philadelphia 76ers,Portland Trail Blazers,Away,0.2966666666666667
Philadelphia 76ers,Milwaukee Bucks,Away,0.11333333333333333
Philadelphia 76ers,Houston Rockets,Away,0.20666666666666667
Philadelphia 76ers,Indiana Pacers,Away,0.11333333333333333
Philadelphia 76ers,New York Knicks,Away,0.16333333333333333
Philadelphia 76ers,Washington Wizards,Away,0.42333333333333334
Philadelphia 76ers,Sacramento Kings,Away,0.15666666666666668
Philadelphia 76ers,Atlanta Hawks,Away,0.16
Philadelphia 76ers,New Orleans/Oklahoma City Hornets,Away,0.3433333333333333
Philadelphia 76ers,Oklahoma City Thunder,Away,0.23333333333333334
Philadelphia 76ers,Brooklyn Nets,Away,0.49
Philadelphia 76ers,New Orleans Pelicans,Home,0.5466666666666666
Philadelphia 76ers,Charlotte Hornets,Home,0.6333333333333333
Milwaukee Bucks,Detroit Pistons,Home,0.5733333333333334
Milwaukee Bucks,Dallas Mavericks,Home,0.5966666666666667
Milwaukee Bucks,Los Angeles Lakers,Away,0.4666666666666667
Milwaukee Bucks,Utah Jazz,Home,0.7366666666666667
Milwaukee Bucks,Los Angeles Clippers,Home,0.56
Milwaukee Bucks,Golden State Warriors,Away,0.4633333333333333
Milwaukee Bucks,Phoenix Suns,Home,0.6366666666666667
Milwaukee Bucks,New Orleans Hornets,Home,0.6933333333333334
Milwaukee Bucks,New Jersey Nets,Home,0.7633333333333333
Milwaukee Bucks,San Antonio Spurs,Home,0.82
Milwaukee Bucks,Memphis Grizzlies,Away,0.48333333333333334
Milwaukee Bucks,Boston Celtics,Away,0.44333333333333336
Milwaukee Bucks,Toronto Raptors,Home,0.85
Milwaukee Bucks,Orlando Magic,Home,0.57
Milwaukee Bucks,Cleveland Cavaliers,Home,0.5566666666666666
Milwaukee Bucks,Minnesota Timberwolves,Home,0.6833333333333333
Milwaukee Bucks,Charlotte Bobcats,Home,0.8033333333333333
Milwaukee Bucks,Miami Heat,Home,0.6433333333333333
Milwaukee Bucks,Denver Nuggets,Away,0.38
Milwaukee Bucks,Seattle SuperSonics,Home,0.61
Milwaukee Bucks,Chicago Bulls,Home,0.6666666666666666
Milwaukee Bucks,Portland Trail Blazers,Home,0.72
Milwaukee Bucks,Philadelphia 76ers,Home,0.6566666666666666
Milwaukee Bucks,Houston Rockets,Away,0.41333333333333333
Milwaukee Bucks,Indiana Pacers,Away,0.48
Milwaukee Bucks,New York Knicks,Home,0.53
Milwaukee Bucks,Washington Wizards,Home,0.7833333333333333
Milwaukee Bucks,Sacramento Kings,Home,0.6133333333333333
Milwaukee Bucks,Atlanta Hawks,Home,0.7133333333333334
Milwaukee Bucks,New Orleans/Oklahoma City Hornets,Home,0.6533333333333333
Milwaukee Bucks,Oklahoma City Thunder,Away,0.36666666666666664
Milwaukee Bucks,Brooklyn Nets,Home,0.7333333333333333
Milwaukee Bucks,New Orleans Pelicans,Home,0.9133333333333333
Milwaukee Bucks,Charlotte Hornets,Home,0.8066666666666666
Houston Rockets,Detroit Pistons,Home,0.8333333333333334
Houston Rockets,Dallas Mavericks,Home,0.7433333333333333
Houston Rockets,Los Angeles Lakers,Home,0.72
Houston Rockets,Utah Jazz,Home,0.6133333333333333
Houston Rockets,Los Angeles Clippers,Home,0.62
Houston Rockets,Golden State Warriors,Home,0.73
Houston Rockets,Phoenix Suns,Home,0.8033333333333333
Houston Rockets,New Orleans Hornets,Home,0.8233333333333334
Houston Rockets,New Jersey Nets,Home,0.72
Houston Rockets,San Antonio Spurs,Home,0.8
Houston Rockets,Memphis Grizzlies,Home,0.71
Houston Rockets,Boston Celtics,Home,0.7
Houston Rockets,Toronto Raptors,Home,0.9166666666666666
Houston Rockets,Orlando Magic,Home,0.8033333333333333
Houston Rockets,Cleveland Cavaliers,Home,0.56
Houston Rockets,Minnesota Timberwolves,Home,0.7633333333333333
Houston Rockets,Charlotte Bobcats,Home,0.8133333333333334
Houston Rockets,Miami Heat,Away,0.4533333333333333
Houston Rockets,Denver Nuggets,Home,0.5566666666666666
Houston Rockets,Seattle SuperSonics,Home,0.8366666666666667
Houston Rockets,Chicago Bulls,Home,0.8833333333333333
Houston Rockets,Portland Trail Blazers,Home,0.8566666666666667
Houston Rockets,Philadelphia 76ers,Home,0.9
Houston Rockets,Milwaukee Bucks,Home,0.7633333333333333
Houston Rockets,Indiana Pacers,Home,0.73
Houston Rockets,New York Knicks,Home,0.69
Houston Rockets,Washington Wizards,Home,0.9233333333333333
Houston Rockets,Sacramento Kings,Home,0.8
Houston Rockets,Atlanta Hawks,Home,0.81
Houston Rockets,New Orleans/Oklahoma City Hornets,Home,0.84
Houston Rockets,Oklahoma City Thunder,Home,0.7266666666666667
Houston Rockets,Brooklyn Nets,Home,0.8466666666666667
Houston Rockets,New Orleans Pelicans,Home,0.9033333333333333
Houston Rockets,Charlotte Hornets,Home,0.95
Indiana Pacers,Detroit Pistons,Home,0.8533333333333334
Indiana Pacers,Dallas Mavericks,Home,0.78
Indiana Pacers,Los Angeles Lakers,Home,0.63
Indiana Pacers,Utah Jazz,Home,0.91
Indiana Pacers,Los Angeles Clippers,Home,0.6233333333333333
Indiana Pacers,Golden State Warriors,Home,0.6833333333333333
Indiana Pacers,Phoenix Suns,Home,0.8666666666666667
Indiana Pacers,New Orleans Hornets,Home,0.82
Indiana Pacers,New Jersey Nets,Home,0.8033333333333333
Indiana Pacers,San Antonio Spurs,Home,0.8733333333333333
Indiana Pacers,Memphis Grizzlies,Home,0.76
Indiana Pacers,Boston Celtics,Away,0.45
Indiana Pacers,Toronto Raptors,Home,0.9333333333333333
Indiana Pacers,Orlando Magic,Home,0.7566666666666667
Indiana Pacers,Cleveland Cavaliers,Home,0.6033333333333334
Indiana Pacers,Minnesota Timberwolves,Home,0.6433333333333333
Indiana Pacers,Charlotte Bobcats,Home,0.6833333333333333
Indiana Pacers,Miami Heat,Home,0.64
Indiana Pacers,Denver Nuggets,Home,0.6133333333333333
Indiana Pacers,Seattle SuperSonics,Home,0.84
Indiana Pacers,Chicago Bulls,Home,0.7433333333333333
Indiana Pacers,Portland Trail Blazers,Home,0.9233333333333333
Indiana Pacers,Philadelphia 76ers,Home,0.8833333333333333
Indiana Pacers,Milwaukee Bucks,Home,0.7
Indiana Pacers,Houston Rockets,Home,0.6633333333333333
Indiana Pacers,New York Knicks,Home,0.7566666666666667
Indiana Pacers,Washington Wizards,Home,0.9566666666666667
Indiana Pacers,Sacramento Kings,Home,0.7033333333333334
Indiana Pacers,Atlanta Hawks,Home,0.85
Indiana Pacers,New Orleans/Oklahoma City Hornets,Home,0.83
Indiana Pacers,Oklahoma City Thunder,Away,0.31666666666666665
Indiana Pacers,Brooklyn Nets,Home,0.86
Indiana Pacers,New Orleans Pelicans,Home,0.9366666666666666
Indiana Pacers,Charlotte Hornets,Home,0.94
New York Knicks,Detroit Pistons,Home,0.7233333333333334
New York Knicks,Dallas Mavericks,Home,0.8066666666666666
New York Knicks,Los Angeles Lakers,Away,0.45
New York Knicks,Utah Jazz,Home,0.8566666666666667
New York Knicks,Los Angeles Clippers,Away,0.45
New York Knicks,Golden State Warriors,Home,0.5166666666666667
New York Knicks,Phoenix Suns,Home,0.9066666666666666
New York Knicks,New Orleans Hornets,Home,0.84
New York Knicks,New Jersey Nets,Home,0.79
New York Knicks,San Antonio Spurs,Home,0.8366666666666667
New York Knicks,Memphis Grizzlies,Home,0.7733333333333333
New York Knicks,Boston Celtics,Home,0.5066666666666667
New York Knicks,Toronto Raptors,Home,0.7466666666666667
New York Knicks,Orlando Magic,Home,0.6933333333333334
New York Knicks,Cleveland Cavaliers,Away,0.4033333333333333
New York Knicks,Minnesota Timberwolves,Away,0.48
New York Knicks,Charlotte Bobcats,Home,0.5166666666666667
New York Knicks,Miami Heat,Away,0.4066666666666667
New York Knicks,Denver Nuggets,Away,0.48
New York Knicks,Seattle SuperSonics,Home,0.7866666666666666
New York Knicks,Chicago Bulls,Home,0.6366666666666667
New York Knicks,Portland Trail Blazers,Home,0.8933333333333333
New York Knicks,Philadelphia 76ers,Home,0.96
New York Knicks,Milwaukee Bucks,Home,0.7366666666666667
New York Knicks,Houston Rockets,Home,0.57
New York Knicks,Indiana Pacers,Home,0.6133333333333333
New York Knicks,Washington Wizards,Home,0.9533333333333334
New York Knicks,Sacramento Kings,Home,0.6233333333333333
New York Knicks,Atlanta Hawks,Home,0.6833333333333333
New York Knicks,New Orleans/Oklahoma City Hornets,Home,0.59
New York Knicks,Oklahoma City Thunder,Away,0.33666666666666667
New York Knicks,Brooklyn Nets,Home,0.8933333333333333
New York Knicks,New Orleans Pelicans,Home,0.9066666666666666
New York Knicks,Charlotte Hornets,Home,0.9566666666666667
Washington Wizards,Detroit Pistons,Away,0.19666666666666666
Washington Wizards,Dallas Mavericks,Away,0.31333333333333335
Washington Wizards,Los Angeles Lakers,Away,0.37
Washington Wizards,Utah Jazz,Home,0.5333333333333333
Washington Wizards,Los Angeles Clippers,Away,0.39666666666666667
Washington Wizards,Golden State Warriors,Away,0.35
Washington Wizards,Phoenix Suns,Away,0.37
Washington Wizards,New Orleans Hornets,Away,0.41
Washington Wizards,New Jersey Nets,Away,0.42333333333333334
Washington Wizards,San Antonio Spurs,Away,0.3466666666666667
Washington Wizards,Memphis Grizzlies,Away,0.16333333333333333
Washington Wizards,Boston Celtics,Away,0.3233333333333333
Washington Wizards,Toronto Raptors,Away,0.31
Washington Wizards,Orlando Magic,Away,0.19666666666666666
Washington Wizards,Cleveland Cavaliers,Away,0.23666666666666666
Washington Wizards,Minnesota Timberwolves,Away,0.2833333333333333
Washington Wizards,Charlotte Bobcats,Away,0.23666666666666666
Washington Wizards,Miami Heat,Away,0.3433333333333333
Washington Wizards,Denver Nuggets,Away,0.3233333333333333
Washington Wizards,Seattle SuperSonics,Away,0.38333333333333336
Washington Wizards,Chicago Bulls,Away,0.2633333333333333
Washington Wizards,Portland Trail Blazers,Away,0.43
Washington Wizards,Philadelphia 76ers,Home,0.5633333333333334
Washington Wizards,Milwaukee Bucks,Away,0.24
Washington Wizards,Houston Rockets,Away,0.2733333333333333
Washington Wizards,Indiana Pacers,Away,0.3466666666666667
Washington Wizards,New York Knicks,Away,0.32
Washington Wizards,Sacramento Kings,Away,0.20333333333333334
Washington Wizards,Atlanta Hawks,Away,0.24666666666666667
Washington Wizards,New Orleans/Oklahoma City Hornets,Away,0.22333333333333333
Washington Wizards,Oklahoma City Thunder,Away,0.3333333333333333
Washington Wizards,Brooklyn Nets,Home,0.5633333333333334
Washington Wizards,New Orleans Pelicans,Away,0.4033333333333333
Washington Wizards,Charlotte Hornets,Away,0.4866666666666667
Sacramento Kings,Detroit Pistons,Away,0.49666666666666665
Sacramento Kings,Dallas Mavericks,Home,0.6933333333333334
Sacramento Kings,Los Angeles Lakers,Away,0.38
Sacramento Kings,Utah Jazz,Home,0.8566666666666667
Sacramento Kings,Los Angeles Clippers,Away,0.3466666666666667
Sacramento Kings,Golden State Warriors,Home,0.5
Sacramento Kings,Phoenix Suns,Home,0.6066666666666667
Sacramento Kings,New Orleans Hornets,Home,0.6266666666666667
Sacramento Kings,New Jersey Nets,Home,0.72
Sacramento Kings,San Antonio Spurs,Home,0.7266666666666667
Sacramento Kings,Memphis Grizzlies,Home,0.5233333333333333
Sacramento Kings,Boston Celtics,Away,0.25
Sacramento Kings,Toronto Raptors,Home,0.8066666666666666
Sacramento Kings,Orlando Magic,Home,0.5433333333333333
Sacramento Kings,Cleveland Cavaliers,Away,0.31
Sacramento Kings,Minnesota Timberwolves,Away,0.24666666666666667
Sacramento Kings,Charlotte Bobcats,Home,0.56
Sacramento Kings,Miami Heat,Home,0.6066666666666667
Sacramento Kings,Denver Nuggets,Away,0.29
Sacramento Kings,Seattle SuperSonics,Home,0.5933333333333334
Sacramento Kings,Chicago Bulls,Home,0.6733333333333333
Sacramento Kings,Portland Trail Blazers,Home,0.6733333333333333
Sacramento Kings,Philadelphia 76ers,Home,0.6933333333333334
Sacramento Kings,Milwaukee Bucks,Away,0.37333333333333335
Sacramento Kings,Houston Rockets,Away,0.49
Sacramento Kings,Indiana Pacers,Away,0.2833333333333333
Sacramento Kings,New York Knicks,Away,0.43333333333333335
Sacramento Kings,Washington Wizards,Home,0.82
Sacramento Kings,Atlanta Hawks,Home,0.6166666666666667
Sacramento Kings,New Orleans/Oklahoma City Hornets,Home,0.6333333333333333
Sacramento Kings,Oklahoma City Thunder,Away,0.22333333333333333
Sacramento Kings,Brooklyn Nets,Home,0.8933333333333333
Sacramento Kings,New Orleans Pelicans,Home,0.9166666666666666
Sacramento Kings,Charlotte Hornets,Home,0.88
Atlanta Hawks,Detroit Pistons,Home,0.62
Atlanta Hawks,Dallas Mavericks,Away,0.38333333333333336
Atlanta Hawks,Los Angeles Lakers,Away,0.44
Atlanta Hawks,Utah Jazz,Home,0.9066666666666666
Atlanta Hawks,Los Angeles Clippers,Away,0.4166666666666667
Atlanta Hawks,Golden State Warriors,Home,0.5333333333333333
Atlanta Hawks,Phoenix Suns,Away,0.4
Atlanta Hawks,New Orleans Hornets,Home,0.6
Atlanta Hawks,New Jersey Nets,Home,0.53
Atlanta Hawks,San Antonio Spurs,Home,0.7833333333333333
Atlanta Hawks,Memphis Grizzlies,Home,0.5733333333333334
Atlanta Hawks,Boston Celtics,Away,0.41
Atlanta Hawks,Toronto Raptors,Home,0.6833333333333333
Atlanta Hawks,Orlando Magic,Home,0.5
Atlanta Hawks,Cleveland Cavaliers,Away,0.28
Atlanta Hawks,Minnesota Timberwolves,Away,0.4666666666666667
Atlanta Hawks,Charlotte Bobcats,Away,0.44
Atlanta Hawks,Miami Heat,Away,0.45
Atlanta Hawks,Denver Nuggets,Away,0.29333333333333333
Atlanta Hawks,Seattle SuperSonics,Home,0.53
Atlanta Hawks,Chicago Bulls,Home,0.6133333333333333
Atlanta Hawks,Portland Trail Blazers,Home,0.7166666666666667
Atlanta Hawks,Philadelphia 76ers,Home,0.8333333333333334
Atlanta Hawks,Milwaukee Bucks,Away,0.45
Atlanta Hawks,Houston Rockets,Away,0.16666666666666666
Atlanta Hawks,Indiana Pacers,Away,0.34
Atlanta Hawks,New York Knicks,Away,0.31333333333333335
Atlanta Hawks,Washington Wizards,Home,0.78
Atlanta Hawks,Sacramento Kings,Away,0.44333333333333336
Atlanta Hawks,New Orleans/Oklahoma City Hornets,Home,0.5666666666666667
Atlanta Hawks,Oklahoma City Thunder,Away,0.3
Atlanta Hawks,Brooklyn Nets,Home,0.82
Atlanta Hawks,New Orleans Pelicans,Home,0.77
Atlanta Hawks,Charlotte Hornets,Home,0.7333333333333333
New Orleans/Oklahoma City Hornets,Detroit Pistons,Home,0.6833333333333333
New Orleans/Oklahoma City Hornets,Dallas Mavericks,Home,0.64
New Orleans/Oklahoma City Hornets,Los Angeles Lakers,Home,0.5933333333333334
New Orleans/Oklahoma City Hornets,Utah Jazz,Home,0.87
New Orleans/Oklahoma City Hornets,Los Angeles Clippers,Home,0.5233333333333333
New Orleans/Oklahoma City Hornets,Golden State Warriors,Home,0.5633333333333334
New Orleans/Oklahoma City Hornets,Phoenix Suns,Home,0.5133333333333333
New Orleans/Oklahoma City Hornets,New Orleans Hornets,Home,0.5566666666666666
New Orleans/Oklahoma City Hornets,New Jersey Nets,Home,0.5333333333333333
New Orleans/Oklahoma City Hornets,San Antonio Spurs,Home,0.8566666666666667
New Orleans/Oklahoma City Hornets,Memphis Grizzlies,Away,0.49333333333333335
New Orleans/Oklahoma City Hornets,Boston Celtics,Away,0.38666666666666666
New Orleans/Oklahoma City Hornets,Toronto Raptors,Home,0.7533333333333333
New Orleans/Oklahoma City Hornets,Orlando Magic,Away,0.4633333333333333
New Orleans/Oklahoma City Hornets,Cleveland Cavaliers,Away,0.13
New Orleans/Oklahoma City Hornets,Minnesota Timberwolves,Away,0.45
New Orleans/Oklahoma City Hornets,Charlotte Bobcats,Home,0.6233333333333333
New Orleans/Oklahoma City Hornets,Miami Heat,Away,0.46
New Orleans/Oklahoma City Hornets,Denver Nuggets,Home,0.5666666666666667
New Orleans/Oklahoma City Hornets,Seattle SuperSonics,Home,0.5433333333333333
New Orleans/Oklahoma City Hornets,Chicago Bulls,Home,0.5233333333333333
New Orleans/Oklahoma City Hornets,Portland Trail Blazers,Home,0.5366666666666666
New Orleans/Oklahoma City Hornets,Philadelphia 76ers,Home,0.7766666666666666
New Orleans/Oklahoma City Hornets,Milwaukee Bucks,Home,0.54
New Orleans/Oklahoma City Hornets,Houston Rockets,Away,0.42
New Orleans/Oklahoma City Hornets,Indiana Pacers,Home,0.5366666666666666
New Orleans/Oklahoma City Hornets,New York Knicks,Home,0.5466666666666666
New Orleans/Oklahoma City Hornets,Washington Wizards,Home,0.8233333333333334
New Orleans/Oklahoma City Hornets,Sacramento Kings,Home,0.6033333333333334
New Orleans/Oklahoma City Hornets,Atlanta Hawks,Home,0.62
New Orleans/Oklahoma City Hornets,Oklahoma City Thunder,Away,0.3
New Orleans/Oklahoma City Hornets,Brooklyn Nets,Home,0.5266666666666666
New Orleans/Oklahoma City Hornets,New Orleans Pelicans,Home,0.9033333333333333
New Orleans/Oklahoma City Hornets,Charlotte Hornets,Home,0.8233333333333334
Oklahoma City Thunder,Detroit Pistons,Home,0.79
Oklahoma City Thunder,Dallas Mavericks,Home,0.87
Oklahoma City Thunder,Los Angeles Lakers,Home,0.53
Oklahoma City Thunder,Utah Jazz,Home,0.68
Oklahoma City Thunder,Los Angeles Clippers,Home,0.8233333333333334
Oklahoma City Thunder,Golden State Warriors,Home,0.8766666666666667
Oklahoma City Thunder,Phoenix Suns,Away,0.43333333333333335
Oklahoma City Thunder,New Orleans Hornets,Home,0.8533333333333334
Oklahoma City Thunder,New Jersey Nets,Home,0.7966666666666666
Oklahoma City Thunder,San Antonio Spurs,Home,0.9533333333333334
Oklahoma City Thunder,Memphis Grizzlies,Home,0.7766666666666666
Oklahoma City Thunder,Boston Celtics,Home,0.61
Oklahoma City Thunder,Toronto Raptors,Home,0.85
Oklahoma City Thunder,Orlando Magic,Home,0.7233333333333334
Oklahoma City Thunder,Cleveland Cavaliers,Home,0.7
Oklahoma City Thunder,Minnesota Timberwolves,Home,0.9466666666666667
Oklahoma City Thunder,Charlotte Bobcats,Home,0.7566666666666667
Oklahoma City Thunder,Miami Heat,Away,0.37666666666666665
Oklahoma City Thunder,Denver Nuggets,Home,0.67
Oklahoma City Thunder,Seattle SuperSonics,Home,0.8633333333333333
Oklahoma City Thunder,Chicago Bulls,Home,0.8266666666666667
Oklahoma City Thunder,Portland Trail Blazers,Home,0.9333333333333333
Oklahoma City Thunder,Philadelphia 76ers,Home,0.8133333333333334
Oklahoma City Thunder,Milwaukee Bucks,Home,0.86
Oklahoma City Thunder,Houston Rockets,Home,0.6266666666666667
Oklahoma City Thunder,Indiana Pacers,Home,0.6866666666666666
Oklahoma City Thunder,New York Knicks,Home,0.8
Oklahoma City Thunder,Washington Wizards,Home,0.8
Oklahoma City Thunder,Sacramento Kings,Home,0.8466666666666667
Oklahoma City Thunder,Atlanta Hawks,Home,0.8333333333333334
Oklahoma City Thunder,New Orleans/Oklahoma City Hornets,Home,0.79
Oklahoma City Thunder,Brooklyn Nets,Home,0.8033333333333333
Oklahoma City Thunder,New Orleans Pelicans,Home,0.7133333333333334
Oklahoma City Thunder,Charlotte Hornets,Home,0.7133333333333334
Brooklyn Nets,Detroit Pistons,Away,0.32
Brooklyn Nets,Dallas Mavericks,Away,0.35
Brooklyn Nets,Los Angeles Lakers,Away,0.24333333333333335
Brooklyn Nets,Utah Jazz,Away,0.4633333333333333
Brooklyn Nets,Los Angeles Clippers,Away,0.20666666666666667
Brooklyn Nets,Golden State Warriors,Away,0.20666666666666667
Brooklyn Nets,Phoenix Suns,Away,0.43666666666666665
Brooklyn Nets,New Orleans Hornets,Away,0.47333333333333333
Brooklyn Nets,New Jersey Nets,Away,0.44666666666666666
Brooklyn Nets,San Antonio Spurs,Away,0.45666666666666667
Brooklyn Nets,Memphis Grizzlies,Away,0.31333333333333335
Brooklyn Nets,Boston Celtics,Away,0.2966666666666667
Brooklyn Nets,Toronto Raptors,Away,0.23
Brooklyn Nets,Orlando Magic,Away,0.3233333333333333
Brooklyn Nets,Cleveland Cavaliers,Away,0.3566666666666667
Brooklyn Nets,Minnesota Timberwolves,Away,0.17333333333333334
Brooklyn Nets,Charlotte Bobcats,Away,0.31333333333333335
Brooklyn Nets,Miami Heat,Away,0.2833333333333333
Brooklyn Nets,Denver Nuggets,Away,0.27666666666666667
Brooklyn Nets,Seattle SuperSonics,Away,0.4
Brooklyn Nets,Chicago Bulls,Away,0.30333333333333334
Brooklyn Nets,Portland Trail Blazers,Away,0.37
Brooklyn Nets,Philadelphia 76ers,Home,0.5166666666666667
Brooklyn Nets,Milwaukee Bucks,Away,0.25666666666666665
Brooklyn Nets,Houston Rockets,Away,0.21
Brooklyn Nets,Indiana Pacers,Away,0.14333333333333334
Brooklyn Nets,New York Knicks,Away,0.30333333333333334
Brooklyn Nets,Washington Wizards,Away,0.37333333333333335
Brooklyn Nets,Sacramento Kings,Away,0.25
Brooklyn Nets,Atlanta Hawks,Away,0.4066666666666667
Brooklyn Nets,New Orleans/Oklahoma City Hornets,Away,0.2833333333333333
Brooklyn Nets,Oklahoma City Thunder,Away,0.2866666666666667
Brooklyn Nets,New Orleans Pelicans,Away,0.48333333333333334
Brooklyn Nets,Charlotte Hornets,Away,0.44666666666666666
New Orleans Pelicans,Detroit Pistons,Away,0.44333333333333336
New Orleans Pelicans,Dallas Mavericks,Away,0.33666666666666667
New Orleans Pelicans,Los Angeles Lakers,Away,0.1
New Orleans Pelicans,Utah Jazz,Home,0.5733333333333334
New Orleans Pelicans,Los Angeles Clippers,Away,0.23
New Orleans Pelicans,Golden State Warriors,Away,0.12333333333333334
New Orleans Pelicans,Phoenix Suns,Home,0.5466666666666666
New Orleans Pelicans,New Orleans Hornets,Home,0.5166666666666667
New Orleans Pelicans,New Jersey Nets,Home,0.5166666666666667
New Orleans Pelicans,San Antonio Spurs,Away,0.4866666666666667
New Orleans Pelicans,Memphis Grizzlies,Away,0.12
New Orleans Pelicans,Boston Celtics,Away,0.2866666666666667
New Orleans Pelicans,Toronto Raptors,Away,0.3933333333333333
New Orleans Pelicans,Orlando Magic,Away,0.39666666666666667
New Orleans Pelicans,Cleveland Cavaliers,Away,0.15666666666666668
New Orleans Pelicans,Minnesota Timberwolves,Away,0.15333333333333332
New Orleans Pelicans,Charlotte Bobcats,Away,0.4766666666666667
New Orleans Pelicans,Miami Heat,Away,0.22
New Orleans Pelicans,Denver Nuggets,Away,0.14666666666666667
New Orleans Pelicans,Seattle SuperSonics,Away,0.4666666666666667
New Orleans Pelicans,Chicago Bulls,Away,0.33666666666666667
New Orleans Pelicans,Portland Trail Blazers,Away,0.4766666666666667
New Orleans Pelicans,Philadelphia 76ers,Home,0.51
New Orleans Pelicans,Milwaukee Bucks,Away,0.16666666666666666
New Orleans Pelicans,Houston Rockets,Away,0.2
New Orleans Pelicans,Indiana Pacers,Away,0.11
New Orleans Pelicans,New York Knicks,Away,0.2
New Orleans Pelicans,Washington Wizards,Home,0.51
New Orleans Pelicans,Sacramento Kings,Away,0.3233333333333333
New Orleans Pelicans,Atlanta Hawks,Away,0.45
New Orleans Pelicans,New Orleans/Oklahoma City Hornets,Away,0.37333333333333335
New Orleans Pelicans,Oklahoma City Thunder,Away,0.32
New Orleans Pelicans,Brooklyn Nets,Home,0.56
New Orleans Pelicans,Charlotte Hornets,Home,0.84
Charlotte Hornets,Detroit Pistons,Away,0.3233333333333333
Charlotte Hornets,Dallas Mavericks,Away,0.3
Charlotte Hornets,Los Angeles Lakers,Away,0.23666666666666666
Charlotte Hornets,Utah Jazz,Home,0.63
Charlotte Hornets,Los Angeles Clippers,Away,0.23666666666666666
Charlotte Hornets,Golden State Warriors,Away,0.20333333333333334
Charlotte Hornets,Phoenix Suns,Away,0.44
Charlotte Hornets,New Orleans Hornets,Home,0.51
Charlotte Hornets,New Jersey Nets,Home,0.5233333333333333
Charlotte Hornets,San Antonio Spurs,Home,0.5233333333333333
Charlotte Hornets,Memphis Grizzlies,Away,0.18333333333333332
Charlotte Hornets,Boston Celtics,Away,0.20666666666666667
Charlotte Hornets,Toronto Raptors,Away,0.36666666666666664
Charlotte Hornets,Orlando Magic,Away,0.29
Charlotte Hornets,Cleveland Cavaliers,Away,0.15333333333333332
Charlotte Hornets,Minnesota Timberwolves,Away,0.17333333333333334
Charlotte Hornets,Charlotte Bobcats,Away,0.2633333333333333
Charlotte Hornets,Miami Heat,Home,0.5666666666666667
Charlotte Hornets,Denver Nuggets,Away,0.31
Charlotte Hornets,Seattle SuperSonics,Away,0.48
Charlotte Hornets,Chicago Bulls,Away,0.22
Charlotte Hornets,Portland Trail Blazers,Away,0.3433333333333333
Charlotte Hornets,Philadelphia 76ers,Home,0.5533333333333333
Charlotte Hornets,Milwaukee Bucks,Away,0.2733333333333333
Charlotte Hornets,Houston Rockets,Away,0.15333333333333332
Charlotte Hornets,Indiana Pacers,Away,0.16333333333333333
Charlotte Hornets,New York Knicks,Away,0.2633333333333333
Charlotte Hornets,Washington Wizards,Away,0.48333333333333334
Charlotte Hornets,Sacramento Kings,Away,0.2733333333333333
Charlotte Hornets,Atlanta Hawks,Away,0.4266666666666667
Charlotte Hornets,New Orleans/Oklahoma City Hornets,Away,0.35
Charlotte Hornets,Oklahoma City Thunder,Away,0.22
Charlotte Hornets,Brooklyn Nets,Home,0.5733333333333334
Charlotte Hornets,New Orleans Pelicans,Away,0.44666666666666666
